-- ---------------------------------------------------------------------------

-- games

INSERT INTO games (id, title, img, price, discount, description) VALUES (1, 'AGE OF EMPIRES II', '1623036797015.jpg', 299, null, 'Age of Empires II: Definitive Edition conmemora el 20 aniversario de uno de los juegos de estrategia más aclamados de todos los tiempos, en una versión que ofrece impactantes gráficos 4K Ultra HD, una pista sonora completamente remasterizada y contenido totalmente nuevo, como “Los últimos Khanes”, que cuenta con 3 campañas y 4 civilizaciones. Explora todas las campañas originales como nunca antes y revive las expansiones más vendidas. Sumérgete en más de 200 horas de juego y recorre mil años de la historia de la humanidad. Juega en línea y desafía a otros jugadores con 35 civilizaciones diferentes, ¿podrás conquistar el mundo a lo largo del tiempo? Elige tu camino hacia la grandeza en esta edición remasterizada definitiva de uno de los juegos de estrategia más queridos de todos los tiempos.');
INSERT INTO games (id, title, img, price, discount, description) VALUES (2, 'CELESTE', '1623036931738.webp', 224, 20, 'Ayuda a Madeline a sobrevivir a los demonios de su interior en su viaje a la cima de la montaña Celeste; un ajustadísimo plataforma diseñado a mano por los creadores del clásico multijugador TowerFall. Aventura de un jugador marcada por la narración; un encantador elenco de personajes y un argumento conmovedor de descubrimiento personal. Gran montaña con más de 700 pantallas de duros desafíos y retorcidos secretos. Brutales capítulos "cara B" para desbloquear; para los más osados. Finalista en “Excellence in Audio” de IGF; más de 2 horas de música original con un asombroso piano y pegadizos ritmos de sintetizador. Los mandos son sencillos y accesibles: salta, acelera en el aire y escala, pero con varias capas de profundidad de expresión que habrá que dominar, pues cada muerte enseña una lección. Las reapariciones relámpago te permiten seguir escalando mientras desvelas misterios y te enfrentas a numerosos peligros. Es el momento, Madeline. Respira hondo. Tú puedes hacerlo.');
INSERT INTO games (id, title, img, price, discount, description) VALUES (3, 'HADES', '1623037310936.jpg', 279.99, 35, 'Hades es un juego roguelike de exploración de mazmorras que combina los mejores aspectos de los aclamados títulos anteriores de Supergiant, como la acción rápida de Bastion, la atmósfera y la profundidad de Transistor y la narrativa centrada en los personajes de Pyre. COMBATE PARA ESCAPAR DEL INFIERNO. Como el príncipe inmortal del Inframundo, tendrás a tu disposición los poderes y las armas míticas del Olimpo para liberarte de las garras del mismísimo dios de los muertos, al tiempo que te vas haciendo más fuerte y descubres más piezas de la historia con cada intento de fuga. DESATA LA IRA DEL OLIMPO. ¡Los dioses del Olimpo están de tu lado! Conoce a Zeus, Atenea, Poseidón y muchos más, y elige entre decenas de poderosas bendiciones que potenciarán tus habilidades. Hay miles de arquetipos de personaje viables que irás descubriendo a medida que juegues.');
INSERT INTO games (id, title, img, price, discount, description) VALUES (4, 'HOLLOW KNIGHT', '1623037405601.jpg', 179.99, 20, 'Enfréntate a las profundidades de un reino olvidado. Bajo la deteriorada ciudad de Petrópolis yace un antiguo reino en ruinas. A muchos les atrae la vida bajo la superficie y van en busca de riquezas, gloria o respuestas a viejos enigmas. Hollow Knight es una aventura de acción clásica en 2D ambientada en un vasto mundo interconectado. Explora cavernas tortuosas, ciudades antiguas y páramos mortales. Combate contra criaturas corrompidas, haz amistad con extraños insectos y resuelve los antiguos misterios que yacen en el corazón de reino.');
INSERT INTO games (id, title, img, price, discount, description) VALUES (5, 'MINECRAFT', '1623037523681.jpg', 284, null, 'Explora mundos generados al azar y construye cosas increíbles, desde la más humilde de las casas hasta el más majestuoso de los castillos. Juega en el modo creativo con recursos ilimitados o extrae en las profundidades del mundo, crea armas y armaduras para defenderte de enemigos peligrosos en el modo supervivencia. CARACTERÍSTICAS. Packs de aspecto, textura y popurrí de la comunidad. Más información en minecraft.net/marketplace. ¡COMPLEMENTOS! Visita minecraft.net/addons, allí podrás probar varios ejemplos gratuitos o aprender a crear uno propio. ¡Realms! Juega multiplataforma con hasta 10 amigos en un mundo que existe en todo momento y lugar. Pruébalo gratis durante 30 días desde la aplicación. Puedes obtener más información en http://minecraft.net/realms. Soporte de Xbox Live (incluye logros) Juego entre plataformas para un máximo de ocho jugadores en PC con Windows 10, dispositivos Android, teléfonos y tablets con iOS, Xbox One y plataformas de realidad virtual.');
INSERT INTO games (id, title, img, price, discount, description) VALUES (6, 'PORTAL', '1623037735638.webp', 129, 50, 'Portal™ es la nueva aventura para un solo jugador de Valve. Ambientado en los misteriosos laboratorios de Aperture Science, Portal ha sido calificado como uno de los juegos más innovadores de los últimos tiempos y ofrece incontables horas de rompecabezas nunca vistos. El juego está diseñado para cambiar radicalmente el modo en que los jugadores enfocan, sopesan y reaccionan a las circunstancias en un entorno determinado, al igual que la pistola antigravedad abrió un nuevo mundo de posibilidades a la hora de manipular objetos. Los jugadores deben resolver rompecabezas y desafíos basados en las leyes físicas abriendo portales y desplazando objetos, o incluso sus propios avatares, a través del espacio.');
INSERT INTO games (id, title, img, price, discount, description) VALUES (7, 'RAINBOW SIX SIEGE', '1623037830924.jpg', 999, null, 'Domina el arte de la destrucción y el uso de dispositivos en Tom Clancy''s Rainbow Six Siege. Enfréntate a un combate intenso de rango cercano altamente letal, con decisiones tácticas, juego en equipo y una acción explosiva en todo momento. Vive un nuevo estilo de tiroteos y estrategia nacida en el seno del rico legado de los anteriores juegos Tom Clancy''s Rainbow Six. Embárcate en un nuevo tipo de asalto usando un nivel de destrucción y unos dispositivos nunca vistos. En defensa, coordina tus acciones con tu equipo para transformar tu entorno en una fortaleza. Pon trampas, refuerza lugares y crea sistemas de defensa para evitar que el enemigo abra brecha. En ataque, lidera tu grupo a través de estrechos pasillos, pasos de puerta reforzados y paredes con barricadas. Combina mapas tácticos, drones de vigilancia, acciones de rápel y otros movimientos para planificar, atacar y dominar cualquier situación. Elige entre docenas de agentes altamente entrenados, provenientes de las mejores.');
INSERT INTO games (id, title, img, price, discount, description) VALUES (8, 'SEKIRO', '1623037926110.jpg', 1299, null, 'Esta Edición juego del año ahora incluye contenido adicional. Recuerdo y Reto de fuerza: nuevos modos de desafío de jefe. Vestigios: deja mensajes y grabaciones de tus acciones para que otros jugadores las vean y califiquen. 3 aspectos desbloqueables. Juego del año - The Game Awards 2019. Mejor juego de acción de 2019 - IGN. Más de 50 premios y nominaciones. Traza tu propio camino hacia la venganza en la galardonada aventura de FromSoftware, creadores de la saga Dark Souls. En Sekiro™: Shadows Die Twice encarnas al ''lobo manco'', un guerrero desfigurado y caído en desgracia que ha sido rescatado al borde de la muerte. Tras jurar proteger a un joven señor descendiente de un antiguo linaje, te conviertes en el objetivo de despiadados enemigos, entre ellos el peligroso clan Ashina. Cuando el joven señor sea capturado, nada te detendrá en tu peligrosa aventura por restituir tu honor, ni siquiera la muerte. Explora el Japón de la era Sengoku de finales del siglo XVI, un brutal periodo.');
INSERT INTO games (id, title, img, price, discount, description) VALUES (9, 'STARDEW VALLEY', '1623038023755.png', 179, 10, 'Te vas a vivir al valle... Acabas de heredar la vieja parcela agrícola de tu abuelo de Stardew Valley. Decides partir hacia una nueva vida con unas herramientas usadas y algunas monedas. ¿Te ves capaz de vivir de la tierra y convertir estos campos descuidados en un hogar próspero? ¡Crea la granja de tus sueños! Constrúyela desde cero en una de las cinco configuraciones del mapa. ¡Domina tu habilidad con la ganadería! Cría animales, siembra cultivos y fabrica maquinaria útil entre muchas más cosas. ¡Únete a la comunidad local! Entabla amistad con más de 30 habitantes de Pelican Town. ¡Personaliza a tu granjero! Podrás elegir entre cientos de opciones de personalización de personajes. ¡Instálate y empieza a formar una familia! Comparte tu vida en la granja con uno de los doce personajes con los que podrás tener una relación. ¡Explora grandes y misteriosas cuevas! Encuentra monstruos peligrosos y tesoros valiosos.');
INSERT INTO games (id, title, img, price, discount, description) VALUES (10, 'TERRARIA', '1623038128066.jpg', 129, 20, '¡Cava, lucha, explora, construye! Nada es imposible en este juego de aventuras repleto de acción. El mundo es tu lienzo y la tierra misma es tu pintura. ¡Coge tus herramientas y adelante! Crea armas para deshacerte de una gran variedad de enemigos en numerosos ecosistemas. Excava profundo bajo tierra para encontrar accesorios, dinero y otras cosas muy útiles. Reúne recursos para crear todo lo que necesites y conformar así tu propio mundo. Construye una casa, un fuerte o incluso un castillo. La gente se mudará a vivir ahí e incluso quizás te vendan diferentes mercancías que te ayuden en tu viaje. Pero ten cuidado, aún te aguardan más desafíos... ¿Estás preparado para la tarea? Características principales: Jugabilidad "sandbox" (juega libremente en un mundo a tu disposición) Mundos generados de forma aleatoria Actualizaciones gratuitas de contenido');
INSERT INTO games (id, title, img, price, discount, description) VALUES (11, 'CYBERPUNK 2077', '1623072654720.jpg', 2199, 80, 'Cyberpunk 2077 es una historia de acción y aventura en mundo abierto ambientada en Night City, una megalópolis obsesionada con el poder, el glamur y la modificación corporal. Tu personaje es V, un mercenario que persigue un implante único que permite alcanzar la inmortalidad. Podrás personalizar las mejoras cibernéticas, las habilidades y el estilo de juego del personaje para dar forma a un mundo y a una historia que depende de tus decisiones. JUEGA COMO UN MERCENARIO AL MARGEN DE LA LEY Conviértete en un cyberpunk, un mercenario urbano equipado con mejoras cibernéticas y crea tu leyenda en las calles de Night City. DESCUBRE LA CIUDAD DEL FUTURO Sumérgete en el inmenso mundo abierto de Night City, una ciudad que establece una nueva referencia en calidad visual, complejidad y profundidad. ROBA EL IMPLANTE QUE CONCEDE LA VIDA ETERNA Acepta el trabajo más peligroso de tu vida y ve en busca del prototipo que permite acceder a la inmortalidad.');
INSERT INTO games (id, title, img, price, discount, description) VALUES (12, 'SKYRIM', '1623201090625.jpg', 625, null, 'Skyrim Special Edition, ganador de más de 200 premios al "Juego del año", da vida a la fantasía épica con un nivel de detalle asombroso. La Special Edition incluye el juego aclamado por la crítica y los complementos, así como nuevas características: gráficos y efectos renovados, rayos crepusculares volumétricos, reflejos en tiempo real, profundidad de campo dinámica y muchas más. Además, Skyrim Special Edition lleva todo el poder de los mods a PC y Xbox One: nuevas misiones, entornos, personajes, diálogos, armaduras y armas, entre otras muchas cosas. ¡Con los mods, la experiencia no tiene límites!');
INSERT INTO games (id, title, img, price, discount, description) VALUES (13, 'DARK SOULS III', '1623799991402.jpg', 649, 10, 'Dark Souls continúa redefiniendo los límites con el nuevo y ambicioso capítulo de esta serie revolucionaria, tan aclamada por la crítica. ¡Prepárate para sumergirte en la oscuridad! ¡Consigue ahora mismo el Season Pass de DARK SOULS™ III y ponte a prueba con todo el contenido disponible! "Mejor juego de rol" de la Gamescom 2015 y más de 35 premios y nominaciones en la E3 2015. DARK SOULS™ III continúa redefiniendo los límites con el nuevo y ambicioso capítulo de esta serie revolucionaria, tan aclamada por la crítica. Adéntrate en un universo lleno de enemigos y entornos descomunales, un mundo en ruinas en el que las llamas se están apagando. Los jugadores se sumergirán en la atmósfera épica de un mundo de oscuridad gracias a un juego más rápido y una intensidad de combate ampliada. Tanto fans como recién llegados disfrutarán de una acción gratificante y gráficos absorbentes. Solo quedan las ascuas... ¡Prepárate una vez más para sumergirte en la oscuridad!');
INSERT INTO games (id, title, img, price, discount, description) VALUES (14, 'THE WITCHER III', '1623854229466.jpg', 479, null, 'The Witcher: Wild Hunt es un RPG de mundo abierto basado en la narrativa y ambientado en un universo de fantasía visualmente impresionante, repleto de decisiones significativas y consecuencias trascendentales. En The Witcher, te pones en la piel del cazador de monstruos profesional Geralt de Rivia, y tienes la tarea de encontrar a la niña de la profecía en un vasto mundo abierto repleto de ciudades de mercaderes, islas piratas, peligrosos pasos de montaña y cuevas olvidadas para explorar. CARACTERÍSTICAS PRINCIPALES CONVIÉRTETE EN UN EXPERTO CAZADOR DE MONSTRUOS A SUELDO Adiestrados desde su infancia y mutados para obtener habilidades, fuerza y reflejos sobrehumanos, los brujos sirven como contrapeso al mundo infestado de monstruos en el que viven. Destruye a tus enemigos de formas espantosas como cazador de monstruos profesional, armado con una gran variedad de armas mejorables, pociones de mutación y magia de combate. Da caza a una amplia gama de monstruos exóticos: desde bestias salvajes que merodean por los pasos de montaña, hasta astutos depredadores sobrenaturales que acechan en las sombras de ciudades densamente pobladas. Invierte tus recompensas en mejorar tus armas y comprar armaduras personalizadas, o gástatelas en carreras de caballos, juegos de cartas, peleas a puñetazos y otros placeres que te ofrece la noche.');
INSERT INTO games (id, title, img, price, discount, description) VALUES (15, 'CUPHEAD', '1623889097777.jpg', 224, 23, 'Cuphead es un juego de acción clásico estilo "dispara y corre" que se centra en combates contra el jefe. Inspirado en los dibujos animados de los años 30, los aspectos visual y sonoro están diseñados con esmero empleando las mismas técnicas de la época, es decir, animación tradicional a mano, fondos de acuarela y grabaciones originales de jazz. Juega como Cuphead o Mugman (en modo de un jugador o cooperativo) y cruza mundos extraños, adquiere nuevas armas, aprende poderosos supermovimientos y descubre secretos ocultos mientras procuras saldar tu deuda con el diablo.');
INSERT INTO games (id, title, img, price, discount, description) VALUES (16, 'FALL GUYS', '1624416547402.jpg', 720, null, 'Fall Guys es un juego multijugador masivo tipo party con hasta 60 jugadores online en un enfrentamiento todos contra todos que se desarrolla ronda tras ronda entre un caos creciente hasta que solo queda un único vencedor. Fall Guys: Ultimate Knockout enfrenta a hordas de contendientes online en un alocado enfrentamiento que se desarrolla ronda tras ronda entre un caos creciente hasta que solo queda un único vencedor. Supera obstáculos estrafalarios, ábrete paso entre competidores revoltosos y vence a las inflexibles leyes de la física en tu accidentado camino a la grandeza. ¡Deja la dignidad en la entrada y prepárate para sufrir descacharrantes fracasos en tu intento de reclamar la corona! Desmadre masivo online: sumérgete en una serie de ridículos desafíos y delirantes circuitos de obstáculos con montones de competidores online, todos con la esperanza de superar el corte y avanzar a la siguiente ronda de caos.');
INSERT INTO games (id, title, img, price, discount, description) VALUES (17, 'HUMANKIND', '1624416547403-17-h.jpg', 3199, null, 'HUMANKIND™ es un juego de estrategia histórica en el que reescribirás todo el curso de la historia de la humanidad. ¡Compra la Edición Digital Deluxe de HUMANKIND™ antes del 24 de agosto para obtener contenido adicional exclusivo para primeros compradores! Contenido adicional para primeros compradores: Set de avatares e iconos de jugador de Boudica, Lucy y Edgar Allan Poe. Set de símbolos y decoración de perfil del jugador. HUMANKIND™ es un juego de estrategia histórica por turnos en el que reescribirás la historia de la humanidad y combinarás culturas para crear una civilización tan única como tú. CREA TU PROPIA CIVILIZACIÓN. Combina hasta 60 culturas históricas mientras llevas a tu pueblo desde la Edad Antigua hasta la Contemporánea. A partir de unos orígenes humildes como tribu del Neolítico, llega a la Edad Antigua llevando a los babilonios, conviértete en los mayas de la Época Clásica, los omeyas de la Edad Media, los británicos de la Edad Moderna, etc. Cada cultura añadirá su propio sistema de juego, por lo que las posibilidades son casi infinitas. ES MÁS QUE HISTORIA: ES TU HISTORIA. Afronta hechos históricos, toma decisiones morales impactantes y realiza avances científicos. Descubre las maravillas naturales del mundo o erige las más increíbles creaciones de la raza humana. Cada elemento del juego ofrece rigor histórico. Combínalos para crear tu propia visión del mundo. DEJA TU HUELLA EN EL MUNDO. El trayecto importa más que el destino. La fama como nueva condición de victoria unificadora. Cada gran hazaña lograda, cada decisión moral tomada y cada batalla ganada moldearán tu fama y dejarán su imperecedera huella en el mundo. El jugador con el mayor nivel de fama obtendrá la victoria. ¿Serás tú quien deje la mayor huella en el mundo? DOMINA LAS BATALLAS TÁCTICAS POR TIERRA, MAR Y AIRE. En HUMANKIND™, cada batalla se juega como un minijuego de tablero por turnos que se superpone al mapamundi. Despliega a los ejércitos y ponte al frente de cada unidad, incluidas las unidades emblemáticas de tu cultura y sus habilidades especiales. Construye armas de asedio para sitiar y ocupar ciudades. Libra grandes batallas que abarcan varios turnos y no dudes en pedir refuerzos. PERSONALIZA A TU LÍDER. En HUMANKIND™, llevarás al líder de tu sociedad como un avatar que puedes crear y personalizar. El aspecto del avatar evolucionará a medida que la partida y la civilización avancen. También podrás subir de nivel al líder mediante un metasistema de progresión para desbloquear apariencias personalizadas de las que presumir ante amigos y desconocidos por igual en partidas multijugador con hasta 8 personas.');
INSERT INTO games (id, title, img, price, discount, description) VALUES (18, 'AGE OF EMPIRES III', '1624416547403-18-aoeiii.jpg', 229, 25, 'Age of Empires III: Definitive Edition encumbra la celebración de una de las franquicias de estrategia en tiempo real más queridas en una edición definitiva con características mejoradas y un sistema de juego modernizado. Dirige civilizaciones poderosas de toda Europa y América o lánzate a los campos de batalla de Asia con unos increíbles gráficos 4K Ultra HD y una banda sonora totalmente remasterizada. Incluye dos nuevos modos de juego: Batallas históricas y las misiones de desafío de El arte de la guerra, además de todas las expansiones ya publicadas y las 14 civilizaciones, más dos totalmente nuevas: los suecos y los incas. Conéctate a la red para desafiar a otros jugadores con el modo multijugador en línea actualizado con juego cruzado en red y descubre las más modernas funciones de juego, como los modos espectador y la compatibilidad con mods. Completa tu colección con el último capítulo del viaje de Age of Empires Definitive Edition.');
INSERT INTO games (id, title, img, price, discount, description) VALUES (19, 'RIMWORLD', '1624416547403-19-r.jpg', 389.99, null, 'RimWorld es un simulador de Colonia de Ciencia Ficción creado por una brillante Inteligencia Artificial que narrará la historia. Inspirado por Dwarf Fortress, Firefly, y Dune. Comenzarás con tres colonos que han sobrevivido una catástrofe en un mundo distante. Tendrás que llevar un control del estado de animo, necesidades, heridas, enfermedades y adicciones de tus colonos. Construye en el bosque, desierto, jungla, tundra y más. Ve cómo los colonos desarrollan y terminan relaciones con familia, amantes y parejas. Reemplaza extremidades y órganos lesionados con prótesis, partes biónicas, o partes biológicas extraídas de otros. Pelea contra piratas, tribus, animales salvajes, insectos gigantes y antiguas máquinas de matar. Crea estructuras, armas, y utensilios utilizando metal, madera, piedra, textil y materiales futuristas. Domina y entrena bellas mascotas, animales de granja y mortales bestias de ataque. Intercambia con naves que van de paso y caravanas. Crea caravanas para completar misiones, intercambiar, atacar otras facciones, o migrar a otra colonia. Atraviesa nieve, fuertes tormentas y combate contra incendios. Captura refugiados o prisioneros y conviértelos a tu facción o véndelos como esclavos. Descubre un nuevo mundo generado cada vez que juegas. Explora cientos de mods locos e interesantes en el Steam Workshop. Aprende a jugar fácilmente con la ayuda de una inteligente y discreta IA. RimWorld es un generador de historias Está diseñado para ser co-autor de historias trágicas, alocadas y llenas de triunfos, relatando la vida de piratas, colonos desesperados, gente muriendo de hambre y supervivencia IA Narradora. Hay varios narradores a elegir. Randy Random hace cosas locas, Cassandra Classic prefiere que vaya subiendo la tensión poco a poco, y Phoebe Chillax que prefiere relajarse. Tus colonos no son colonizadores expertos - son supervivientes de una catástrofe, cuando se encontraban en un transbordador de pasajeros que fue destruido en órbita. Podrías terminar con un noble, un contador, una ama de casa. Obtendrás más colonos al capturarlos en combate y convertirlos a tu facción, comprarlos de comerciantes de esclavos, o simplemente al aceptar refugiados. Así que tu colonia siempre será un equipo variopinto. Los antecedentes de la persona serán registrados y esto afectará la forma en que se juegan. Un noble será perfecto para situaciones sociales (reclutando prisioneros, negociando precios con comerciantes), pero se negará a hacer trabajo físico. Un granjero sabrá como cosechar alimento para esas largas temporadas, pero no es bueno investigando. Un científico será un excelente investigador, pero no cuenta con habilidades sociales. Un asesino genéticamente modificado sólo sabrá matar - pero por lo menos será muy bueno en esto. Los colonos desarrollarán - y destruirán - relaciones. Cada uno tiene una opinión distinta de los demás, lo que determina si se harán amantes, se casarán, habrá engaños, o pelearán.');
INSERT INTO games (id, title, img, price, discount, description) VALUES (20, 'COUNTER STRIKE', '1624416547403-20-csgo.jpg', 1381.99, null, 'Counter-Strike: Global Offensive (CS:GO) amplía el juego de acción por equipos del que fue pionero cuando salió hace más de 20 años. CS:GO incluye nuevos mapas, personajes, armas y modos de juego, y ofrece versiones actualizadas del contenido clásico de Counter-Strike (de_dust2, etc.). «Counter-Strike sorprendió a la industria de los videojuegos cuando el insólito mod se convirtió en el juego de acción en línea para PC más jugado del mundo casi inmediatamente después de su lanzamiento en agosto de 1999», dijo Doug Lombardi, de Valve. «Durante los últimos 12 años, se ha mantenido como uno de los títulos más jugados del mundo, ha ocupado un papel protagonista en los torneos de videojuegos competitivos y ha vendido más de 25 millones de copias de la franquicia en todo el mundo. CS:GO promete ampliar la galardonada jugabilidad de Counter-Strike y ofrecérsela tanto a los jugadores de PC como a los de consolas de nueva generación y de Mac».');
INSERT INTO games (id, title, img, price, discount, description) VALUES (21, 'NIPPON MARATHON', '1624416547403-21-nm.jpg', 179.99, 33, '¡San! ¡Ni! ¡Ichi! ¡¡¡Hajime!!! Estira los músculos y embárcate en el maratón definitivo de Japón en un estridente juego de carreras multijugador en el que puede pasar de todo. Supera barriles, corre más rápido que los Shiba Inu y lánzate fuera del camino de las bicicletas, todo ello mientras lanzas fruta a tus oponentes y atraviesas tablones en precario equilibrio sobre cascadas, en una experiencia irreal que hay que jugar para creer. Características: Una locura para cuatro jugadores que se pueden ir y venir. El juego en solitario es compatible, pero coge hasta cuatro almohadillas y disfruta de la suprema tontería de la mayor maratón de juegos. ¿Necesitas ir al baño para quitarte el zumo de piña del body? ¿Un peatón cualquiera pasa por tu sofá y quiere jugar? Sea cual sea la causa, ¡sube y baja para disfrutar de la mejor fiesta! ¡Experimenta sorpresas en abundancia en una carrera a través de todo Japón! Atraviesa el país nipón en una serie de niveles creativos que abarcan calles urbanas concurridas, calles estrechas y antiguas, mercados bulliciosos, santuarios en las cimas de las montañas e incluso la parte superior de un tren bala. En el Maratón de Nippon nunca se sabe qué ocurrirá a continuación. ¿Quizás encuentres tiempo para una improvisada diversión en una máquina tragaperras? ¿Quizás un presentador de noticias llegue en jetpack para entrevistarte en la pista de carreras? Demonios, todo es posible... Un extenso modo historia con un extraño elenco de personajes. Asciende de corredor novato a maestro del maratón. Vive las historias del hombre langosta J DARWIN, la entusiasta de los narvales Elizabeth Nishibori, el viejo tío marinero Zenbei "XEN BAE" y el aspirante a dueño de una agencia de citas Snuguru Maestro, todo ello mientras se revelan los turbios secretos de las fuerzas invisibles que están en juego detrás del Maratón de Nippon. ¿Podrás vencer al diez veces campeón Handsome Hazuki y a sus compinches? ¡Relájate con algunos Party Games! A algunas personas les gusta observar los pájaros. A algunos les gusta dar un paseo en coche el domingo por la tarde. A otros les gusta subirse a un carrito y chocar de frente con bolos del tamaño de un hombre. Fija la posición de tu carro de la compra, da un salto en marcha, haz una mueca de dolor mientras te lanzas hacia peligros aleatorios y reza para no acabar en la sala de urgencias. ¿Has dominado el pavo en los bolos? Entonces enfréntate al guante L.O.B.S.T.E.R. Un recorrido de asalto precariamente estrecho y generado aleatoriamente. Martillos oscilantes, guantes de boxeo neumáticos y furiosos jugadores de fútbol americano conspiran para tirarte a la bebida.');
INSERT INTO games (id, title, img, price, discount, description) VALUES (22, 'DOOM ETERNAL', '1624416547403-22-de.png', 599.99, 50, 'Los ejércitos del infierno han invadido la Tierra. Ponte en la piel del Slayer en una épica campaña para un jugador y cruza dimensiones aniquilando demonios para detener la destrucción definitiva de la humanidad. No Le Tienen Miedo A Nada... Salvo A Ti. Disfruta de la mejor combinación de velocidad y potencia en DOOM Eternal, que trae un salto cualitativo del combate en primera persona. Nivel De Amenaza Del Slayer Al Máximo. Armado con un lanzallamas en el hombro, una hoja retráctil en la muñeca, armas y modificaciones mejoradas, y habilidades, eres más rápido, fuerte y versátil que nunca. La Impía Trinidad. Obtén lo que necesites de tus enemigos: consigue salud al ejecutarlos, armadura al incinerarlos y munición al destriparlos con la motosierra; conviértete en el matademonios supremo. Juega A Battlemode. Una nueva experiencia multijugador 2 contra 1. Un DOOM Slayer armado hasta los dientes se enfrenta a dos jugadores demonio en cinco rondas de intenso combate en primera persona.');

-- INSERT INTO games (id, title, img, price, discount, description) VALUES ('id', 'name', 'img', 'price', '%des', 'descr.');
-- ---------------------------------------------------------------------------

-- categories

INSERT INTO categories (id, title) VALUES (1, 'STRATEGY'); -- check
INSERT INTO categories (id, title) VALUES (2, 'REAL-TIME STRATEGY'); -- check
INSERT INTO categories (id, title) VALUES (3, 'CITY BUILDER'); -- check
INSERT INTO categories (id, title) VALUES (4, 'MULTIPLAYER'); -- check
INSERT INTO categories (id, title) VALUES (5, 'SPORTS'); -- check
INSERT INTO categories (id, title) VALUES (6, 'DIFFICULT'); -- check
INSERT INTO categories (id, title) VALUES (7, 'GREAT SOUNDTRACK');
INSERT INTO categories (id, title) VALUES (8, 'PIXEL GRAPHICS');
INSERT INTO categories (id, title) VALUES (9, 'ACTION');
INSERT INTO categories (id, title) VALUES (10, 'INDIE');
INSERT INTO categories (id, title) VALUES (11, 'ROGUELIKE');
INSERT INTO categories (id, title) VALUES (12, 'RPG');
INSERT INTO categories (id, title) VALUES (13, 'METROIDVANIA');
INSERT INTO categories (id, title) VALUES (14, 'SOULS-LIKE');
INSERT INTO categories (id, title) VALUES (15, 'PLATFORMER');
INSERT INTO categories (id, title) VALUES (16, 'SURVIVAL');
INSERT INTO categories (id, title) VALUES (17, 'ADVENTURE');
INSERT INTO categories (id, title) VALUES (18, 'CREATIVE');
INSERT INTO categories (id, title) VALUES (19, 'OPEN WORLD');
INSERT INTO categories (id, title) VALUES (20, 'PUZZLE');
INSERT INTO categories (id, title) VALUES (21, 'FIRST-PERSON');
INSERT INTO categories (id, title) VALUES (22, 'SINGLEPLAYER');
INSERT INTO categories (id, title) VALUES (23, 'FIRST-PERSON SHOOTER');
INSERT INTO categories (id, title) VALUES (24, 'TACTICAL');
INSERT INTO categories (id, title) VALUES (25, 'TEAM-BASED');
INSERT INTO categories (id, title) VALUES (26, 'FARMING SIM');
INSERT INTO categories (id, title) VALUES (27, 'LIFE SIMULATION');
INSERT INTO categories (id, title) VALUES (28, 'SANDBOX');
INSERT INTO categories (id, title) VALUES (29, 'CYBERPUNK');
INSERT INTO categories (id, title) VALUES (30, 'SCI-FI');
INSERT INTO categories (id, title) VALUES (31, 'DARK FANTASY');
INSERT INTO categories (id, title) VALUES (32, 'STORY RICH');
INSERT INTO categories (id, title) VALUES (33, 'ATMOSPHERIC');
INSERT INTO categories (id, title) VALUES (34, 'CARTOON');
INSERT INTO categories (id, title) VALUES (35, 'FUNNY');
INSERT INTO categories (id, title) VALUES (36, 'BATTLE ROYALE');
INSERT INTO categories (id, title) VALUES (37, 'ONLINE CO-OP');
INSERT INTO categories (id, title) VALUES (38, 'TURN-BASED');
INSERT INTO categories (id, title) VALUES (39, 'HISTORICAL');
INSERT INTO categories (id, title) VALUES (40, 'MANAGEMENT');
INSERT INTO categories (id, title) VALUES (41, 'RACING');


-- ---------------------------------------------------------------------------

-- platforms

INSERT INTO platforms (id, title) VALUES (1, 'WINDOWS');
INSERT INTO platforms (id, title) VALUES (2, 'MAC OS');
INSERT INTO platforms (id, title) VALUES (3, 'LINUX');
INSERT INTO platforms (id, title) VALUES (4, 'VR HEADSET');

-- ---------------------------------------------------------------------------

-- status

INSERT INTO status (id, name) VALUES (1, 'RELEVANT');
INSERT INTO status (id, name) VALUES (2, 'IN OFFER');

-- ---------------------------------------------------------------------------

-- users

INSERT INTO users (id, name, surname, email, avatar, newsletter, admin, password) values (1, 'Alisander', 'Garfit', 'agarfit0@globo.com', 'https://thispersondoesnotexist.com/', true, true, 'mVOeeAA');
INSERT INTO users (id, name, surname, email, avatar, newsletter, admin, password) values (2, 'Erna', 'Britch', 'ebritch1@over-blog.com', 'https://thispersondoesnotexist.com/', true, false, 'ivBhSkV');
INSERT INTO users (id, name, surname, email, avatar, newsletter, admin, password) values (3, 'Ainslee', 'Crother', 'acrother2@tumblr.com', 'https://thispersondoesnotexist.com/', true, false, 'h4C1GRhsj06');
INSERT INTO users (id, name, surname, email, avatar, newsletter, admin, password) values (4, 'Retha', 'Laffling', 'rlaffling3@nba.com', 'https://thispersondoesnotexist.com/', true, true, '5RLGMRnbjZD');
INSERT INTO users (id, name, surname, email, avatar, newsletter, admin, password) values (5, 'Vivianne', 'Cringle', 'vcringle4@mediafire.com', 'https://thispersondoesnotexist.com/', false, false, 'SZSl9L');
INSERT INTO users (id, name, surname, email, avatar, newsletter, admin, password) values (6, 'Thibaut', 'Cusiter', 'tcusiter5@ebay.com', 'https://thispersondoesnotexist.com/', false, false, 'rf3Y9BbIR');
INSERT INTO users (id, name, surname, email, avatar, newsletter, admin, password) values (7, 'Patty', 'Esby', 'pesby6@toplist.cz', 'https://thispersondoesnotexist.com/', false, true, 'DgL2zR6OM25');
INSERT INTO users (id, name, surname, email, avatar, newsletter, admin, password) values (8, 'Lynsey', 'Ong', 'long7@google.com.au', 'https://thispersondoesnotexist.com/', true, false, 'Ya5QqNR');
INSERT INTO users (id, name, surname, email, avatar, newsletter, admin, password) values (9, 'Haley', 'Haucke', 'hhaucke8@shinystat.com', 'https://thispersondoesnotexist.com/', false, false, '8toNZs20vJQI');
INSERT INTO users (id, name, surname, email, avatar, newsletter, admin, password) values (10, 'Rossie', 'Attac', 'rattac9@drupal.org', 'https://thispersondoesnotexist.com/', true, true, '33Ywxj5Y7BId');
INSERT INTO users (id, name, surname, email, avatar, newsletter, admin, password) values (11, 'Derward', 'Duling', 'ddulinga@123-reg.co.uk', 'https://thispersondoesnotexist.com/', false, false, 'Ce0c7SQ2S');
INSERT INTO users (id, name, surname, email, avatar, newsletter, admin, password) values (12, 'Norry', 'Renne', 'nrenneb@liveinternet.ru', 'https://thispersondoesnotexist.com/', true, true, '4vF1ACQbE1U');
INSERT INTO users (id, name, surname, email, avatar, newsletter, admin, password) values (13, 'Norbie', 'Matskevich', 'nmatskevichc@ucla.edu', 'https://thispersondoesnotexist.com/', false, false, 'nZaswvCE3N');
INSERT INTO users (id, name, surname, email, avatar, newsletter, admin, password) values (14, 'Creighton', 'Beining', 'cbeiningd@slate.com', 'https://thispersondoesnotexist.com/', false, true, '8CtaZzIy');
INSERT INTO users (id, name, surname, email, avatar, newsletter, admin, password) values (15, 'Melessa', 'Umney', 'mumneye@wsj.com', 'https://thispersondoesnotexist.com/', true, false, '49X84k5F7Z');
INSERT INTO users (id, name, surname, email, avatar, newsletter, admin, password) values (16, 'Ruttger', 'Cambling', 'rcamblingf@tuttocitta.it', 'https://thispersondoesnotexist.com/', false, false, 'grzvJax8I2');
INSERT INTO users (id, name, surname, email, avatar, newsletter, admin, password) values (17, 'Hercules', 'Glasspoole', 'hglasspooleg@topsy.com', 'https://thispersondoesnotexist.com/', false, false, 'SJeK4tK62');
INSERT INTO users (id, name, surname, email, avatar, newsletter, admin, password) values (18, 'Almeta', 'Extil', 'aextilh@ebay.com', 'https://thispersondoesnotexist.com/', true, false, 'kzYrKq');
INSERT INTO users (id, name, surname, email, avatar, newsletter, admin, password) values (19, 'Clayton', 'Caillou', 'ccailloui@privacy.gov.au', 'https://thispersondoesnotexist.com/', true, false, 'GBHPCvse');
INSERT INTO users (id, name, surname, email, avatar, newsletter, admin, password) values (20, 'Boot', 'Axup', 'baxupj@telegraph.co.uk', 'https://thispersondoesnotexist.com/', true, false, 'MnHrmmN');
INSERT INTO users (id, name, surname, email, avatar, newsletter, admin, password) values (21, 'Jules', 'Herrieven', 'jherrievenk@japanpost.jp', 'https://thispersondoesnotexist.com/', true, false, '67wqhX');
INSERT INTO users (id, name, surname, email, avatar, newsletter, admin, password) values (22, 'William', 'Parriss', 'wparrissl@adobe.com', 'https://thispersondoesnotexist.com/', false, true, 'SU6rU5xyvL');
INSERT INTO users (id, name, surname, email, avatar, newsletter, admin, password) values (23, 'Goldarina', 'Girkin', 'ggirkinm@xinhuanet.com', 'https://thispersondoesnotexist.com/', true, false, 'OgJ3d9');
INSERT INTO users (id, name, surname, email, avatar, newsletter, admin, password) values (24, 'Cthrine', 'Brough', 'cbroughn@wikipedia.org', 'https://thispersondoesnotexist.com/', false, false, 'rJwMDrIOMGf');
INSERT INTO users (id, name, surname, email, avatar, newsletter, admin, password) values (25, 'Emogene', 'Averill', 'eaverillo@ibm.com', 'https://thispersondoesnotexist.com/', true, false, 'hiYOX8PVFq');
INSERT INTO users (id, name, surname, email, avatar, newsletter, admin, password) values (26, 'Aldous', 'Kemmons', 'akemmonsp@slate.com', 'https://thispersondoesnotexist.com/', true, false, 'cMl4oF5P');
INSERT INTO users (id, name, surname, email, avatar, newsletter, admin, password) values (27, 'Gayel', 'Curds', 'gcurdsq@hc360.com', 'https://thispersondoesnotexist.com/', true, false, 'jUJGGWhfTLd');
INSERT INTO users (id, name, surname, email, avatar, newsletter, admin, password) values (28, 'Erhart', 'Swinney', 'eswinneyr@printfriendly.com', 'https://thispersondoesnotexist.com/', true, false, 'vKnhhh');
INSERT INTO users (id, name, surname, email, avatar, newsletter, admin, password) values (29, 'Audrey', 'Ollerton', 'aollertons@bloglovin.com', 'https://thispersondoesnotexist.com/', false, true, 'hZbFTZEi');
INSERT INTO users (id, name, surname, email, avatar, newsletter, admin, password) values (30, 'Dalis', 'Wicher', 'dwichert@theglobeandmail.com', 'https://thispersondoesnotexist.com/', false, false, 'wedfOGL4a');
INSERT INTO users (id, name, surname, email, avatar, newsletter, admin, password) values (31, 'Glori', 'Ollerton', 'gollertonu@youtube.com', 'https://thispersondoesnotexist.com/', false, false, 'LmlNCoYouH');
INSERT INTO users (id, name, surname, email, avatar, newsletter, admin, password) values (32, 'Putnem', 'Vowles', 'pvowlesv@mashable.com', 'https://thispersondoesnotexist.com/', true, false, 'Qn2mGqUwJv');
INSERT INTO users (id, name, surname, email, avatar, newsletter, admin, password) values (33, 'Ely', 'Bewlay', 'ebewlayw@addtoany.com', 'https://thispersondoesnotexist.com/', false, false, 'A28n6HRw');
INSERT INTO users (id, name, surname, email, avatar, newsletter, admin, password) values (34, 'Niven', 'Jozsef', 'njozsefx@over-blog.com', 'https://thispersondoesnotexist.com/', false, false, 'I1ZGe3');
INSERT INTO users (id, name, surname, email, avatar, newsletter, admin, password) values (35, 'Cass', 'Cadden', 'ccaddeny@technorati.com', 'https://thispersondoesnotexist.com/', false, false, 'M7fMRf');
INSERT INTO users (id, name, surname, email, avatar, newsletter, admin, password) values (36, 'Burty', 'Bascomb', 'bbascombz@usgs.gov', 'https://thispersondoesnotexist.com/', true, true, 'kPCqznS');
INSERT INTO users (id, name, surname, email, avatar, newsletter, admin, password) values (37, 'Leticia', 'Extill', 'lextill10@mashable.com', 'https://thispersondoesnotexist.com/', false, false, 'cxw8ll6x');
INSERT INTO users (id, name, surname, email, avatar, newsletter, admin, password) values (38, 'Aleece', 'Broadbear', 'abroadbear11@senate.gov', 'https://thispersondoesnotexist.com/', true, true, '5C7OQOgWQJ0');
INSERT INTO users (id, name, surname, email, avatar, newsletter, admin, password) values (39, 'Tammi', 'Santore', 'tsantore12@sakura.ne.jp', 'https://thispersondoesnotexist.com/', false, false, 'szVFEv4k');
INSERT INTO users (id, name, surname, email, avatar, newsletter, admin, password) values (40, 'Vanda', 'Rilston', 'vrilston13@wix.com', 'https://thispersondoesnotexist.com/', false, false, 'ieJ6lB');
INSERT INTO users (id, name, surname, email, avatar, newsletter, admin, password) values (41, 'Darwin', 'Nurden', 'dnurden14@arizona.edu', 'https://thispersondoesnotexist.com/', false, false, 'L1yNDNTi');
INSERT INTO users (id, name, surname, email, avatar, newsletter, admin, password) values (42, 'Nev', 'Philippe', 'nphilippe15@joomla.org', 'https://thispersondoesnotexist.com/', true, false, 'OdoEmY6f');
INSERT INTO users (id, name, surname, email, avatar, newsletter, admin, password) values (43, 'Tris', 'Tythe', 'ttythe16@washingtonpost.com', 'https://thispersondoesnotexist.com/', false, true, 'QZIJfQF');
INSERT INTO users (id, name, surname, email, avatar, newsletter, admin, password) values (44, 'Rubie', 'Rodgier', 'rrodgier17@privacy.gov.au', 'https://thispersondoesnotexist.com/', false, true, 'SBKtUAN');
INSERT INTO users (id, name, surname, email, avatar, newsletter, admin, password) values (45, 'Biddie', 'Jarrett', 'bjarrett18@usgs.gov', 'https://thispersondoesnotexist.com/', false, false, '6w2bVfe');
INSERT INTO users (id, name, surname, email, avatar, newsletter, admin, password) values (46, 'Martica', 'Ney', 'mney19@flickr.com', 'https://thispersondoesnotexist.com/', false, false, 'VCJOBWeT');
INSERT INTO users (id, name, surname, email, avatar, newsletter, admin, password) values (47, 'Dew', 'Craig', 'dcraig1a@usda.gov', 'https://thispersondoesnotexist.com/', false, false, 'SbxDi1x9Ubt');
INSERT INTO users (id, name, surname, email, avatar, newsletter, admin, password) values (48, 'Kimbra', 'Sultana', 'ksultana1b@princeton.edu', 'https://thispersondoesnotexist.com/', true, false, '4zfDVrDBpK4');
INSERT INTO users (id, name, surname, email, avatar, newsletter, admin, password) values (49, 'Wilbert', 'Brindley', 'wbrindley1c@microsoft.com', 'https://thispersondoesnotexist.com/', false, false, 'DpfRZ15dT2ik');
INSERT INTO users (id, name, surname, email, avatar, newsletter, admin, password) values (50, 'Windham', 'Garnam', 'wgarnam1d@etsy.com', 'https://thispersondoesnotexist.com/', true, true, 'hfEaoqT');
INSERT INTO users (id, name, surname, email, avatar, newsletter, admin, password) values (51, 'admin', 'admin', 'admin', '1627698902593.jpg', false, true, '$2b$10$9brKXibQBlPSF04m8lkbjeLj66uDTNyIvFYXHjNGrU6XOFlIupYhW');

-- ---------------------------------------------------------------------------

-- category_game

-- AGE OF EMPIRES II ('STRATEGY', 'REAL-TIME STRATEGY', 'CITY BUILDER', 'MULTIPLAYER')
INSERT INTO category_game (id, game_id_category, category_id) VALUES (1, 1, 1);
INSERT INTO category_game (id, game_id_category, category_id) VALUES (2, 1, 2);
INSERT INTO category_game (id, game_id_category, category_id) VALUES (3, 1, 3);
INSERT INTO category_game (id, game_id_category, category_id) VALUES (4, 1, 4);
-- CELESTE ('PRECISION PLATFORMER', 'DIFFICULT', 'GREAT SOUNDTRACK', 'PIXEL GRAPHICS')
INSERT INTO category_game (id, game_id_category, category_id) VALUES (5, 2, 5);
INSERT INTO category_game (id, game_id_category, category_id) VALUES (6, 2, 6);
INSERT INTO category_game (id, game_id_category, category_id) VALUES (7, 2, 7);
INSERT INTO category_game (id, game_id_category, category_id) VALUES (8, 2, 8);
-- HADES ('ACTION', 'INDIE', 'ROGUELIKE', 'RPG')
INSERT INTO category_game (id, game_id_category, category_id) VALUES (9, 3, 9);
INSERT INTO category_game (id, game_id_category, category_id) VALUES (10, 3, 10);
INSERT INTO category_game (id, game_id_category, category_id) VALUES (11, 3, 11);
INSERT INTO category_game (id, game_id_category, category_id) VALUES (12, 3, 12);
-- HOLLOW KNIGHT ('METROIDVANIA', 'SOULS-LIKE', 'PLATFORMER', 'GREAT SOUNDTRACK')
INSERT INTO category_game (id, game_id_category, category_id) VALUES (13, 4, 13);
INSERT INTO category_game (id, game_id_category, category_id) VALUES (14, 4, 14);
INSERT INTO category_game (id, game_id_category, category_id) VALUES (15, 4, 15);
INSERT INTO category_game (id, game_id_category, category_id) VALUES (16, 4, 7);
-- MINECRAFT ('SURVIVAL', 'ADVENTURE', 'CREATIVE', 'OPEN WORLD')
INSERT INTO category_game (id, game_id_category, category_id) VALUES (17, 5, 16);
INSERT INTO category_game (id, game_id_category, category_id) VALUES (18, 5, 17);
INSERT INTO category_game (id, game_id_category, category_id) VALUES (19, 5, 18);
INSERT INTO category_game (id, game_id_category, category_id) VALUES (20, 5, 19);
-- PORTAL ('PUZZLE', 'PLATFORMER', 'FIRST-PERSON', 'SINGLEPLAYER')
INSERT INTO category_game (id, game_id_category, category_id) VALUES (21, 6, 20);
INSERT INTO category_game (id, game_id_category, category_id) VALUES (22, 6, 15);
INSERT INTO category_game (id, game_id_category, category_id) VALUES (23, 6, 21);
INSERT INTO category_game (id, game_id_category, category_id) VALUES (24, 6, 22);
-- RAINBOW SIX SIEGE ('FIRST-PERSON SHOOTER', 'MULTIPLAYER', 'TACTICAL', 'TEAM-BASED')
INSERT INTO category_game (id, game_id_category, category_id) VALUES (25, 7, 23);
INSERT INTO category_game (id, game_id_category, category_id) VALUES (26, 7, 4);
INSERT INTO category_game (id, game_id_category, category_id) VALUES (27, 7, 24);
INSERT INTO category_game (id, game_id_category, category_id) VALUES (28, 7, 25);
-- SEKIRO ('SOULS-LIKE', 'DIFFICULT', 'ACTION', 'SINGLEPLAYER')
INSERT INTO category_game (id, game_id_category, category_id) VALUES (29, 8, 14);
INSERT INTO category_game (id, game_id_category, category_id) VALUES (30, 8, 6);
INSERT INTO category_game (id, game_id_category, category_id) VALUES (31, 8, 9);
INSERT INTO category_game (id, game_id_category, category_id) VALUES (32, 8, 22);
-- STARDEW VALLEY ('FARMING SIM', 'LIFE SIMULATION', 'RPG', 'PIXEL GRAPHICS')
INSERT INTO category_game (id, game_id_category, category_id) VALUES (33, 9, 26);
INSERT INTO category_game (id, game_id_category, category_id) VALUES (34, 9, 27);
INSERT INTO category_game (id, game_id_category, category_id) VALUES (35, 9, 12);
INSERT INTO category_game (id, game_id_category, category_id) VALUES (36, 9, 8);
-- TERRARIA ('OPEN WORLD', 'SURVIVAL', 'SANDBOX', 'MULTIPLAYER')
INSERT INTO category_game (id, game_id_category, category_id) VALUES (37, 10, 19);
INSERT INTO category_game (id, game_id_category, category_id) VALUES (38, 10, 16);
INSERT INTO category_game (id, game_id_category, category_id) VALUES (39, 10, 28);
INSERT INTO category_game (id, game_id_category, category_id) VALUES (40, 10, 4);
-- CYBERPUNK 2077 ('CYBERPUNK', 'OPEN WORLD', 'RPG', 'SCI-FI')
INSERT INTO category_game (id, game_id_category, category_id) VALUES (41, 11, 29);
INSERT INTO category_game (id, game_id_category, category_id) VALUES (42, 11, 19);
INSERT INTO category_game (id, game_id_category, category_id) VALUES (43, 11, 12);
INSERT INTO category_game (id, game_id_category, category_id) VALUES (44, 11, 30);
-- SKYRIM ('OPEN WORLD', 'RPG', 'ADVENTURE', 'SINGLEPLAYER')
INSERT INTO category_game (id, game_id_category, category_id) VALUES (45, 12, 19);
INSERT INTO category_game (id, game_id_category, category_id) VALUES (46, 12, 12);
INSERT INTO category_game (id, game_id_category, category_id) VALUES (47, 12, 17);
INSERT INTO category_game (id, game_id_category, category_id) VALUES (48, 12, 22);
-- DARK SOULS III ('SOULS-LIKE', 'DARK FANTASY', 'DIFFICULT', 'RPG')
INSERT INTO category_game (id, game_id_category, category_id) VALUES (49, 13, 14);
INSERT INTO category_game (id, game_id_category, category_id) VALUES (50, 13, 31);
INSERT INTO category_game (id, game_id_category, category_id) VALUES (51, 13, 6);
INSERT INTO category_game (id, game_id_category, category_id) VALUES (52, 13, 12);
-- THE WITCHER III ('OPEN WORLD', 'RPG', 'STORY RICH', 'ATMOSPHERIC')
INSERT INTO category_game (id, game_id_category, category_id) VALUES (53, 14, 19);
INSERT INTO category_game (id, game_id_category, category_id) VALUES (54, 14, 12);
INSERT INTO category_game (id, game_id_category, category_id) VALUES (55, 14, 32);
INSERT INTO category_game (id, game_id_category, category_id) VALUES (56, 14, 33);
-- CUPHEAD ('DIFFICULT', 'CARTOON', 'PLATFORMER', 'GREAT SOUNDTRACK')
INSERT INTO category_game (id, game_id_category, category_id) VALUES (57, 15, 6);
INSERT INTO category_game (id, game_id_category, category_id) VALUES (58, 15, 34);
INSERT INTO category_game (id, game_id_category, category_id) VALUES (59, 15, 15);
INSERT INTO category_game (id, game_id_category, category_id) VALUES (60, 15, 7);
-- FALL GUYS ('MULTIPLAYER', 'FUNNY', 'BATTLE ROYALE', 'ONLINE CO-OP')
INSERT INTO category_game (id, game_id_category, category_id) VALUES (61, 16, 4);
INSERT INTO category_game (id, game_id_category, category_id) VALUES (62, 16, 35);
INSERT INTO category_game (id, game_id_category, category_id) VALUES (63, 16, 36);
INSERT INTO category_game (id, game_id_category, category_id) VALUES (64, 16, 37);
-- HUMANKIND ('STRAGETY', 'TURN-BASED', 'HISTORICAL', 'MULTIPLAYER')
INSERT INTO category_game (id, game_id_category, category_id) VALUES (65, 17, 1);
INSERT INTO category_game (id, game_id_category, category_id) VALUES (66, 17, 38);
INSERT INTO category_game (id, game_id_category, category_id) VALUES (67, 17, 39);
INSERT INTO category_game (id, game_id_category, category_id) VALUES (68, 17, 4);
-- AGE OF EMPIRES III ('STRATEGY', 'REAL-TIME STRATEGY', 'CITY BUILDER', 'MULTIPLAYER')
INSERT INTO category_game (id, game_id_category, category_id) VALUES (69, 18, 1);
INSERT INTO category_game (id, game_id_category, category_id) VALUES (70, 18, 2);
INSERT INTO category_game (id, game_id_category, category_id) VALUES (71, 18, 3);
INSERT INTO category_game (id, game_id_category, category_id) VALUES (72, 18, 4);
-- RIMWORLD ('CITY BUILDER', 'SURVIVAL', 'STRATEGY', 'MANAGEMENT')
INSERT INTO category_game (id, game_id_category, category_id) VALUES (73, 19, 3);
INSERT INTO category_game (id, game_id_category, category_id) VALUES (74, 19, 16);
INSERT INTO category_game (id, game_id_category, category_id) VALUES (75, 19, 1);
INSERT INTO category_game (id, game_id_category, category_id) VALUES (76, 19, 40);
-- COUNTER-STRIKE GO ('MULTIPLAYER', 'FIRST-PERSON SHOOTER', 'ACTION', 'TEAM-BASED')
INSERT INTO category_game (id, game_id_category, category_id) VALUES (77, 20, 4);
INSERT INTO category_game (id, game_id_category, category_id) VALUES (78, 20, 23);
INSERT INTO category_game (id, game_id_category, category_id) VALUES (79, 20, 9);
INSERT INTO category_game (id, game_id_category, category_id) VALUES (80, 20, 25);
-- NIPPON MARATHON ('SPORTS', 'INDIE', 'FUNNY', 'RACING')
INSERT INTO category_game (id, game_id_category, category_id) VALUES (81, 21, 5);
INSERT INTO category_game (id, game_id_category, category_id) VALUES (82, 21, 10);
INSERT INTO category_game (id, game_id_category, category_id) VALUES (83, 21, 35);
INSERT INTO category_game (id, game_id_category, category_id) VALUES (84, 21, 41);
-- DOOM ETERNAL ('DIFFICULT', 'ACTION', 'GREAT SOUNDTRACK', 'FIRST-PERSON SHOOTER')
INSERT INTO category_game (id, game_id_category, category_id) VALUES (85, 22, 6);
INSERT INTO category_game (id, game_id_category, category_id) VALUES (86, 22, 9);
INSERT INTO category_game (id, game_id_category, category_id) VALUES (87, 22, 7);
INSERT INTO category_game (id, game_id_category, category_id) VALUES (88, 22, 23);

-- QUERY PARA VER RESULTADOS EN WORKBENCH
# SELECT category_game.id, games.title AS 'Juego', categories.title AS 'Categoría'
# FROM games
# INNER JOIN category_game ON games.id = game_id_category
# INNER JOIN categories ON categories.id = category_id
# ORDER BY category_game.id ASC;

-- ---------------------------------------------------------------------------

-- platform_game

-- AGE OF EMPIRES
INSERT INTO platform_game (id, game_id_platform, platform_id) VALUES (1, 1, 1);
INSERT INTO platform_game (id, game_id_platform, platform_id) VALUES (2, 1, 2);
INSERT INTO platform_game (id, game_id_platform, platform_id) VALUES (3, 1, 3);
-- CELESTE
INSERT INTO platform_game (id, game_id_platform, platform_id) VALUES (4, 2, 1);
INSERT INTO platform_game (id, game_id_platform, platform_id) VALUES (5, 2, 2);
INSERT INTO platform_game (id, game_id_platform, platform_id) VALUES (6, 2, 3);
-- HADES
INSERT INTO platform_game (id, game_id_platform, platform_id) VALUES (7, 3, 1);
INSERT INTO platform_game (id, game_id_platform, platform_id) VALUES (8, 3, 2);
INSERT INTO platform_game (id, game_id_platform, platform_id) VALUES (9, 3, 3);
-- HOLLOW KNIGHT
INSERT INTO platform_game (id, game_id_platform, platform_id) VALUES (10, 4, 1);
INSERT INTO platform_game (id, game_id_platform, platform_id) VALUES (11, 4, 2);
INSERT INTO platform_game (id, game_id_platform, platform_id) VALUES (12, 4, 3);
-- MINECRAFT
INSERT INTO platform_game (id, game_id_platform, platform_id) VALUES (13, 5, 1);
INSERT INTO platform_game (id, game_id_platform, platform_id) VALUES (14, 5, 2);
INSERT INTO platform_game (id, game_id_platform, platform_id) VALUES (15, 5, 3);
INSERT INTO platform_game (id, game_id_platform, platform_id) VALUES (16, 5, 4);
-- PORTAL
INSERT INTO platform_game (id, game_id_platform, platform_id) VALUES (17, 6, 1);
INSERT INTO platform_game (id, game_id_platform, platform_id) VALUES (18, 6, 2);
INSERT INTO platform_game (id, game_id_platform, platform_id) VALUES (19, 6, 3);
INSERT INTO platform_game (id, game_id_platform, platform_id) VALUES (20, 6, 4);
-- RAINBOW SIX SIEGE
INSERT INTO platform_game (id, game_id_platform, platform_id) VALUES (21, 7, 1);
INSERT INTO platform_game (id, game_id_platform, platform_id) VALUES (22, 7, 2);
INSERT INTO platform_game (id, game_id_platform, platform_id) VALUES (23, 7, 3);
INSERT INTO platform_game (id, game_id_platform, platform_id) VALUES (24, 7, 4);
-- SEKIRO
INSERT INTO platform_game (id, game_id_platform, platform_id) VALUES (25, 8, 1);
INSERT INTO platform_game (id, game_id_platform, platform_id) VALUES (26, 8, 2);
INSERT INTO platform_game (id, game_id_platform, platform_id) VALUES (27, 8, 3);
-- STARDEW VALLEY
INSERT INTO platform_game (id, game_id_platform, platform_id) VALUES (28, 9, 1);
INSERT INTO platform_game (id, game_id_platform, platform_id) VALUES (29, 9, 2);
INSERT INTO platform_game (id, game_id_platform, platform_id) VALUES (30, 9, 3);
-- TERRARIA
INSERT INTO platform_game (id, game_id_platform, platform_id) VALUES (31, 10, 1);
INSERT INTO platform_game (id, game_id_platform, platform_id) VALUES (32, 10, 2);
INSERT INTO platform_game (id, game_id_platform, platform_id) VALUES (33, 10, 3);
-- CYBERPUNK 2077
INSERT INTO platform_game (id, game_id_platform, platform_id) VALUES (34, 11, 1);
INSERT INTO platform_game (id, game_id_platform, platform_id) VALUES (35, 11, 2);
INSERT INTO platform_game (id, game_id_platform, platform_id) VALUES (36, 11, 3);
INSERT INTO platform_game (id, game_id_platform, platform_id) VALUES (37, 11, 4);
-- SKYRIM
INSERT INTO platform_game (id, game_id_platform, platform_id) VALUES (38, 12, 1);
INSERT INTO platform_game (id, game_id_platform, platform_id) VALUES (39, 12, 2);
INSERT INTO platform_game (id, game_id_platform, platform_id) VALUES (40, 12, 3);
INSERT INTO platform_game (id, game_id_platform, platform_id) VALUES (41, 12, 4);
-- DARK SOULS III
INSERT INTO platform_game (id, game_id_platform, platform_id) VALUES (42, 13, 1);
INSERT INTO platform_game (id, game_id_platform, platform_id) VALUES (43, 13, 2);
INSERT INTO platform_game (id, game_id_platform, platform_id) VALUES (44, 13, 3);
-- THE WITCHER III
INSERT INTO platform_game (id, game_id_platform, platform_id) VALUES (45, 14, 1);
INSERT INTO platform_game (id, game_id_platform, platform_id) VALUES (46, 14, 2);
INSERT INTO platform_game (id, game_id_platform, platform_id) VALUES (47, 14, 3);
-- CUPHEAD
INSERT INTO platform_game (id, game_id_platform, platform_id) VALUES (48, 15, 1);
INSERT INTO platform_game (id, game_id_platform, platform_id) VALUES (49, 15, 2);
INSERT INTO platform_game (id, game_id_platform, platform_id) VALUES (50, 15, 3);
-- FALL GUYS
INSERT INTO platform_game (id, game_id_platform, platform_id) VALUES (51, 16, 1);
INSERT INTO platform_game (id, game_id_platform, platform_id) VALUES (52, 16, 2);
INSERT INTO platform_game (id, game_id_platform, platform_id) VALUES (53, 16, 3);
-- HUMANKIND
INSERT INTO platform_game (id, game_id_platform, platform_id) VALUES (54, 17, 1);
INSERT INTO platform_game (id, game_id_platform, platform_id) VALUES (55, 17, 2);
INSERT INTO platform_game (id, game_id_platform, platform_id) VALUES (56, 17, 3);
-- AGE OF EMPIRES III
INSERT INTO platform_game (id, game_id_platform, platform_id) VALUES (57, 18, 1);
INSERT INTO platform_game (id, game_id_platform, platform_id) VALUES (58, 18, 2);
INSERT INTO platform_game (id, game_id_platform, platform_id) VALUES (59, 18, 3);
-- RIMWORLD
INSERT INTO platform_game (id, game_id_platform, platform_id) VALUES (60, 19, 1);
INSERT INTO platform_game (id, game_id_platform, platform_id) VALUES (61, 19, 3);
-- COUNTER-STRIKE GO
INSERT INTO platform_game (id, game_id_platform, platform_id) VALUES (62, 20, 1);
INSERT INTO platform_game (id, game_id_platform, platform_id) VALUES (63, 20, 2);
INSERT INTO platform_game (id, game_id_platform, platform_id) VALUES (64, 20, 3);
INSERT INTO platform_game (id, game_id_platform, platform_id) VALUES (65, 20, 4);
-- NIPPON MARATHON
INSERT INTO platform_game (id, game_id_platform, platform_id) VALUES (66, 21, 1);
-- DOOM ETERNAL
INSERT INTO platform_game (id, game_id_platform, platform_id) VALUES (67, 22, 1);
INSERT INTO platform_game (id, game_id_platform, platform_id) VALUES (68, 22, 2);
INSERT INTO platform_game (id, game_id_platform, platform_id) VALUES (69, 22, 3);
INSERT INTO platform_game (id, game_id_platform, platform_id) VALUES (70, 22, 4);

-- QUERY PARA VER RESULTADOS EN WORKBENCH
# SELECT platform_game.id, games.title AS 'Juego', platforms.title AS 'Plataforma'
# FROM games
# INNER JOIN platform_game ON games.id = game_id_platform
# INNER JOIN platforms ON platforms.id = platform_id
# ORDER BY platform_game.id ASC;

-- ---------------------------------------------------------------------------

-- status_game

-- age of empires ii
INSERT INTO status_game (id, game_id_status, status_id) VALUES (1, 1, 1);
-- celeste
INSERT INTO status_game (id, game_id_status, status_id) VALUES (2, 2, 1);
INSERT INTO status_game (id, game_id_status, status_id) VALUES (3, 2, 2);
-- hades
INSERT INTO status_game (id, game_id_status, status_id) VALUES (4, 3, 2);
-- hollow knight
INSERT INTO status_game (id, game_id_status, status_id) VALUES (5, 4, 2);
-- minecraft
INSERT INTO status_game (id, game_id_status, status_id) VALUES (6, 5, 1);
-- portal
INSERT INTO status_game (id, game_id_status, status_id) VALUES (7, 6, 2);
-- rainbow six siege
-- sekiro
INSERT INTO status_game (id, game_id_status, status_id) VALUES (8, 8, 1);
-- stardew valley
INSERT INTO status_game (id, game_id_status, status_id) VALUES (9, 9, 1);
INSERT INTO status_game (id, game_id_status, status_id) VALUES (10, 9, 2);
-- terraria
INSERT INTO status_game (id, game_id_status, status_id) VALUES (11, 10, 2);
-- cyberpunk 2077
INSERT INTO status_game (id, game_id_status, status_id) VALUES (12, 11, 2);
-- skyrim
INSERT INTO status_game (id, game_id_status, status_id) VALUES (13, 12, 1);
-- dark souls iii
INSERT INTO status_game (id, game_id_status, status_id) VALUES (14, 13, 1);
INSERT INTO status_game (id, game_id_status, status_id) VALUES (15, 13, 2);
-- the witcher iii
-- cuphead
INSERT INTO status_game (id, game_id_status, status_id) VALUES (16, 15, 1);
INSERT INTO status_game (id, game_id_status, status_id) VALUES (17, 15, 2);
-- fall guys
INSERT INTO status_game (id, game_id_status, status_id) VALUES (18, 16, 1);
-- humankind
INSERT INTO status_game (id, game_id_status, status_id) VALUES (19, 17, 1);
-- age of empires iii
INSERT INTO status_game (id, game_id_status, status_id) VALUES (20, 18, 2);
-- rimworld
-- csgo
-- nippon marathon
INSERT INTO status_game (id, game_id_status, status_id) VALUES (21, 21, 1);
-- doom eternal
INSERT INTO status_game (id, game_id_status, status_id) VALUES (22, 22, 1);
INSERT INTO status_game (id, game_id_status, status_id) VALUES (23, 22, 2);

-- QUERY PARA VER RESULTADOS EN WORKBENCH
# SELECT status_game.id, games.title AS 'Juego', status.name AS 'Estado'
# FROM games
# INNER JOIN status_game ON games.id = game_id_status
# INNER JOIN status ON status.id = status_id
# ORDER BY status_game.id ASC;

-- ---------------------------------------------------------------------------

-- user_game

INSERT INTO user_game (id, game_id_user, user_id) VALUES (1, 1, 1);
INSERT INTO user_game (id, game_id_user, user_id) VALUES (2, 1, 2);
INSERT INTO user_game (id, game_id_user, user_id) VALUES (3, 1, 3);
INSERT INTO user_game (id, game_id_user, user_id) VALUES (4, 1, 4);
INSERT INTO user_game (id, game_id_user, user_id) VALUES (5, 1, 5);
INSERT INTO user_game (id, game_id_user, user_id) VALUES (6, 1, 6);
INSERT INTO user_game (id, game_id_user, user_id) VALUES (7, 1, 7);
INSERT INTO user_game (id, game_id_user, user_id) VALUES (8, 2, 8);
INSERT INTO user_game (id, game_id_user, user_id) VALUES (9, 2, 9);
INSERT INTO user_game (id, game_id_user, user_id) VALUES (10, 2, 10);
INSERT INTO user_game (id, game_id_user, user_id) VALUES (11, 2, 11);
INSERT INTO user_game (id, game_id_user, user_id) VALUES (12, 2, 12);
INSERT INTO user_game (id, game_id_user, user_id) VALUES (13, 2, 13);
INSERT INTO user_game (id, game_id_user, user_id) VALUES (14, 2, 14);
INSERT INTO user_game (id, game_id_user, user_id) VALUES (15, 2, 15);
INSERT INTO user_game (id, game_id_user, user_id) VALUES (16, 3, 16);
INSERT INTO user_game (id, game_id_user, user_id) VALUES (17, 3, 17);
INSERT INTO user_game (id, game_id_user, user_id) VALUES (18, 3, 18);
INSERT INTO user_game (id, game_id_user, user_id) VALUES (19, 3, 19);
INSERT INTO user_game (id, game_id_user, user_id) VALUES (20, 3, 20);
INSERT INTO user_game (id, game_id_user, user_id) VALUES (21, 3, 21);
INSERT INTO user_game (id, game_id_user, user_id) VALUES (22, 3, 22);
INSERT INTO user_game (id, game_id_user, user_id) VALUES (23, 3, 23);
INSERT INTO user_game (id, game_id_user, user_id) VALUES (24, 3, 24);
INSERT INTO user_game (id, game_id_user, user_id) VALUES (25, 3, 25);
INSERT INTO user_game (id, game_id_user, user_id) VALUES (26, 3, 26);
INSERT INTO user_game (id, game_id_user, user_id) VALUES (27, 3, 27);
INSERT INTO user_game (id, game_id_user, user_id) VALUES (28, 3, 28);
INSERT INTO user_game (id, game_id_user, user_id) VALUES (29, 3, 29);
INSERT INTO user_game (id, game_id_user, user_id) VALUES (30, 4, 30);
INSERT INTO user_game (id, game_id_user, user_id) VALUES (31, 4, 31);
INSERT INTO user_game (id, game_id_user, user_id) VALUES (32, 4, 32);
INSERT INTO user_game (id, game_id_user, user_id) VALUES (33, 4, 33);
INSERT INTO user_game (id, game_id_user, user_id) VALUES (34, 4, 34);
INSERT INTO user_game (id, game_id_user, user_id) VALUES (35, 4, 35);
INSERT INTO user_game (id, game_id_user, user_id) VALUES (36, 4, 36);
INSERT INTO user_game (id, game_id_user, user_id) VALUES (37, 4, 37);
INSERT INTO user_game (id, game_id_user, user_id) VALUES (38, 4, 38);
INSERT INTO user_game (id, game_id_user, user_id) VALUES (39, 4, 39);
INSERT INTO user_game (id, game_id_user, user_id) VALUES (40, 4, 40);
INSERT INTO user_game (id, game_id_user, user_id) VALUES (41, 4, 41);
INSERT INTO user_game (id, game_id_user, user_id) VALUES (42, 4, 42);
INSERT INTO user_game (id, game_id_user, user_id) VALUES (43, 4, 43);
INSERT INTO user_game (id, game_id_user, user_id) VALUES (44, 4, 44);
INSERT INTO user_game (id, game_id_user, user_id) VALUES (45, 4, 45);
INSERT INTO user_game (id, game_id_user, user_id) VALUES (46, 5, 46);
INSERT INTO user_game (id, game_id_user, user_id) VALUES (47, 5, 47);
INSERT INTO user_game (id, game_id_user, user_id) VALUES (48, 5, 48);
INSERT INTO user_game (id, game_id_user, user_id) VALUES (49, 5, 49);
INSERT INTO user_game (id, game_id_user, user_id) VALUES (50, 5, 50);
INSERT INTO user_game (id, game_id_user, user_id) VALUES (51, 5, 1);
INSERT INTO user_game (id, game_id_user, user_id) VALUES (52, 5, 2);
INSERT INTO user_game (id, game_id_user, user_id) VALUES (53, 5, 3);
INSERT INTO user_game (id, game_id_user, user_id) VALUES (54, 5, 4);
INSERT INTO user_game (id, game_id_user, user_id) VALUES (55, 5, 5);
INSERT INTO user_game (id, game_id_user, user_id) VALUES (56, 5, 6);
INSERT INTO user_game (id, game_id_user, user_id) VALUES (57, 5, 7);
INSERT INTO user_game (id, game_id_user, user_id) VALUES (58, 5, 8);
INSERT INTO user_game (id, game_id_user, user_id) VALUES (59, 5, 9);
INSERT INTO user_game (id, game_id_user, user_id) VALUES (60, 5, 10);
INSERT INTO user_game (id, game_id_user, user_id) VALUES (61, 5, 11);
INSERT INTO user_game (id, game_id_user, user_id) VALUES (62, 6, 12);
INSERT INTO user_game (id, game_id_user, user_id) VALUES (63, 6, 13);
INSERT INTO user_game (id, game_id_user, user_id) VALUES (64, 6, 14);
INSERT INTO user_game (id, game_id_user, user_id) VALUES (65, 6, 15);
INSERT INTO user_game (id, game_id_user, user_id) VALUES (66, 6, 16);
INSERT INTO user_game (id, game_id_user, user_id) VALUES (67, 6, 17);
INSERT INTO user_game (id, game_id_user, user_id) VALUES (68, 6, 18);
INSERT INTO user_game (id, game_id_user, user_id) VALUES (69, 6, 19);
INSERT INTO user_game (id, game_id_user, user_id) VALUES (70, 6, 20);
INSERT INTO user_game (id, game_id_user, user_id) VALUES (71, 6, 21);
INSERT INTO user_game (id, game_id_user, user_id) VALUES (72, 6, 22);
INSERT INTO user_game (id, game_id_user, user_id) VALUES (73, 6, 23);
INSERT INTO user_game (id, game_id_user, user_id) VALUES (74, 6, 24);
INSERT INTO user_game (id, game_id_user, user_id) VALUES (75, 6, 25);
INSERT INTO user_game (id, game_id_user, user_id) VALUES (76, 6, 26);
INSERT INTO user_game (id, game_id_user, user_id) VALUES (77, 6, 27);
INSERT INTO user_game (id, game_id_user, user_id) VALUES (78, 6, 28);
INSERT INTO user_game (id, game_id_user, user_id) VALUES (79, 6, 29);
INSERT INTO user_game (id, game_id_user, user_id) VALUES (80, 6, 30);
INSERT INTO user_game (id, game_id_user, user_id) VALUES (81, 6, 31);
INSERT INTO user_game (id, game_id_user, user_id) VALUES (82, 6, 32);
INSERT INTO user_game (id, game_id_user, user_id) VALUES (83, 6, 33);
INSERT INTO user_game (id, game_id_user, user_id) VALUES (84, 7, 34);
INSERT INTO user_game (id, game_id_user, user_id) VALUES (85, 7, 35);
INSERT INTO user_game (id, game_id_user, user_id) VALUES (86, 7, 36);
INSERT INTO user_game (id, game_id_user, user_id) VALUES (87, 7, 37);
INSERT INTO user_game (id, game_id_user, user_id) VALUES (88, 7, 38);
INSERT INTO user_game (id, game_id_user, user_id) VALUES (89, 7, 39);
INSERT INTO user_game (id, game_id_user, user_id) VALUES (90, 7, 40);
INSERT INTO user_game (id, game_id_user, user_id) VALUES (91, 8, 41);
INSERT INTO user_game (id, game_id_user, user_id) VALUES (92, 8, 42);
INSERT INTO user_game (id, game_id_user, user_id) VALUES (93, 8, 43);
INSERT INTO user_game (id, game_id_user, user_id) VALUES (94, 8, 44);
INSERT INTO user_game (id, game_id_user, user_id) VALUES (95, 8, 45);
INSERT INTO user_game (id, game_id_user, user_id) VALUES (96, 8, 46);
INSERT INTO user_game (id, game_id_user, user_id) VALUES (97, 8, 47);
INSERT INTO user_game (id, game_id_user, user_id) VALUES (98, 8, 48);
INSERT INTO user_game (id, game_id_user, user_id) VALUES (99, 8, 49);
INSERT INTO user_game (id, game_id_user, user_id) VALUES (100, 8, 50);
INSERT INTO user_game (id, game_id_user, user_id) VALUES (101, 8, 2);
INSERT INTO user_game (id, game_id_user, user_id) VALUES (102, 8, 3);
INSERT INTO user_game (id, game_id_user, user_id) VALUES (103, 8, 4);
INSERT INTO user_game (id, game_id_user, user_id) VALUES (104, 8, 5);
INSERT INTO user_game (id, game_id_user, user_id) VALUES (105, 8, 6);
INSERT INTO user_game (id, game_id_user, user_id) VALUES (106, 8, 7);
INSERT INTO user_game (id, game_id_user, user_id) VALUES (107, 8, 8);
INSERT INTO user_game (id, game_id_user, user_id) VALUES (108, 9, 9);
INSERT INTO user_game (id, game_id_user, user_id) VALUES (109, 9, 10);
INSERT INTO user_game (id, game_id_user, user_id) VALUES (110, 9, 11);
INSERT INTO user_game (id, game_id_user, user_id) VALUES (111, 9, 12);
INSERT INTO user_game (id, game_id_user, user_id) VALUES (112, 9, 13);
INSERT INTO user_game (id, game_id_user, user_id) VALUES (113, 10, 14);
INSERT INTO user_game (id, game_id_user, user_id) VALUES (114, 10, 15);
INSERT INTO user_game (id, game_id_user, user_id) VALUES (115, 10, 16);
INSERT INTO user_game (id, game_id_user, user_id) VALUES (116, 10, 17);
INSERT INTO user_game (id, game_id_user, user_id) VALUES (117, 10, 18);
INSERT INTO user_game (id, game_id_user, user_id) VALUES (118, 10, 19);
INSERT INTO user_game (id, game_id_user, user_id) VALUES (119, 10, 20);
INSERT INTO user_game (id, game_id_user, user_id) VALUES (120, 11, 21);
INSERT INTO user_game (id, game_id_user, user_id) VALUES (121, 12, 22);
INSERT INTO user_game (id, game_id_user, user_id) VALUES (122, 12, 23);
INSERT INTO user_game (id, game_id_user, user_id) VALUES (123, 12, 24);
INSERT INTO user_game (id, game_id_user, user_id) VALUES (124, 12, 25);
INSERT INTO user_game (id, game_id_user, user_id) VALUES (125, 12, 26);
INSERT INTO user_game (id, game_id_user, user_id) VALUES (126, 12, 27);
INSERT INTO user_game (id, game_id_user, user_id) VALUES (127, 13, 28);
INSERT INTO user_game (id, game_id_user, user_id) VALUES (128, 13, 29);
INSERT INTO user_game (id, game_id_user, user_id) VALUES (129, 13, 30);
INSERT INTO user_game (id, game_id_user, user_id) VALUES (130, 13, 31);
INSERT INTO user_game (id, game_id_user, user_id) VALUES (131, 13, 32);
INSERT INTO user_game (id, game_id_user, user_id) VALUES (132, 13, 33);
INSERT INTO user_game (id, game_id_user, user_id) VALUES (133, 13, 34);
INSERT INTO user_game (id, game_id_user, user_id) VALUES (134, 14, 35);
INSERT INTO user_game (id, game_id_user, user_id) VALUES (135, 14, 36);
INSERT INTO user_game (id, game_id_user, user_id) VALUES (136, 14, 37);
INSERT INTO user_game (id, game_id_user, user_id) VALUES (137, 14, 38);
INSERT INTO user_game (id, game_id_user, user_id) VALUES (138, 14, 39);
INSERT INTO user_game (id, game_id_user, user_id) VALUES (139, 14, 40);
INSERT INTO user_game (id, game_id_user, user_id) VALUES (140, 14, 41);
INSERT INTO user_game (id, game_id_user, user_id) VALUES (141, 15, 42);
INSERT INTO user_game (id, game_id_user, user_id) VALUES (142, 15, 43);
INSERT INTO user_game (id, game_id_user, user_id) VALUES (143, 15, 44);
INSERT INTO user_game (id, game_id_user, user_id) VALUES (144, 15, 45);
INSERT INTO user_game (id, game_id_user, user_id) VALUES (145, 15, 46);
INSERT INTO user_game (id, game_id_user, user_id) VALUES (146, 16, 47);
INSERT INTO user_game (id, game_id_user, user_id) VALUES (147, 16, 48);
INSERT INTO user_game (id, game_id_user, user_id) VALUES (148, 16, 49);
INSERT INTO user_game (id, game_id_user, user_id) VALUES (149, 16, 50);
INSERT INTO user_game (id, game_id_user, user_id) VALUES (150, 16, 1);
INSERT INTO user_game (id, game_id_user, user_id) VALUES (151, 1, 51);
INSERT INTO user_game (id, game_id_user, user_id) VALUES (152, 2, 51);
INSERT INTO user_game (id, game_id_user, user_id) VALUES (153, 3, 51);
INSERT INTO user_game (id, game_id_user, user_id) VALUES (154, 4, 51);
INSERT INTO user_game (id, game_id_user, user_id) VALUES (155, 5, 51);
INSERT INTO user_game (id, game_id_user, user_id) VALUES (156, 6, 51);
INSERT INTO user_game (id, game_id_user, user_id) VALUES (157, 7, 51);
INSERT INTO user_game (id, game_id_user, user_id) VALUES (158, 8, 51);
INSERT INTO user_game (id, game_id_user, user_id) VALUES (159, 9, 51);
INSERT INTO user_game (id, game_id_user, user_id) VALUES (160, 10, 51);
INSERT INTO user_game (id, game_id_user, user_id) VALUES (161, 11, 51);
INSERT INTO user_game (id, game_id_user, user_id) VALUES (162, 12, 51);
INSERT INTO user_game (id, game_id_user, user_id) VALUES (163, 13, 51);
INSERT INTO user_game (id, game_id_user, user_id) VALUES (164, 13, 51);
INSERT INTO user_game (id, game_id_user, user_id) VALUES (165, 14, 51);
INSERT INTO user_game (id, game_id_user, user_id) VALUES (166, 15, 51);
INSERT INTO user_game (id, game_id_user, user_id) VALUES (167, 16, 51);

-- QUERY PARA VER RESULTADOS EN WORKBENCH
# SELECT user_game.id, games.title AS 'Juego', users.name, users.surname
# FROM games
# INNER JOIN user_game ON games.id = game_id_user
# INNER JOIN users ON users.id = user_id
# ORDER BY games.title ASC;

-- ---------------------------------------------------------------------------